,Gate_30_ret_1,Gate_40_ret_1,Gate_30_ret_7,Gate_40_ret_7
Median,48.0,50.0,106.0,112.0
Variance,18256.15827920886,19037.58116828514,323320.52164256305,33792.77305482174
Standard deviation,135.1153517525261,137.97674140334357,568.6128046769287,183.82810735799282
Mean,94.62404322377307,95.61861577557427,166.35333647724593,165.99019607843138
Max,2961.0,2640.0,49854.0,2294.0
