,Gate_30,Gate_40
Count,44640.0,45429.0
Mean,52.52668010752688,51.366087741310615
Variance,65988.20941831118,10680.387923632436
Min,0.0,0.0
25%,5.0,
75%,50.0,
